{"clusters": [1, 0, 1, 1, 1, 0, 0, 1, 0, 0], "reduced_features": [[-41.603607177734375, 54.91537094116211], [-41.85778045654297, -70.10820770263672], [8.19089126586914, 73.32225799560547], [-75.08717346191406, -3.527493953704834], [6.887816905975342, 137.42259216308594], [85.12589263916016, -39.20159912109375], [62.93560028076172, -86.37635803222656], [-85.1214828491211, 83.87003326416016], [120.52970123291016, 1.4445029497146606], [9.939841270446777, -112.46228790283203]]}